Date,Item_Name,Current_Stock,Waste_Amount,Deliveries_Received,Notes
📝 INSTRUCTIONS: Enter today's date as YYYY-MM-DD and count your current stock levels. The system will automatically calculate usage from yesterday's count.,Replace with item name,Count what you have now,Amount spoiled/discarded (optional),New stock received today (optional),Any notes about this item
2025-08-19,Whole Milk,15.0,0.0,20,Monday delivery - fresh stock
2025-08-19,House Blend Coffee,12.0,0.0,10,Weekly coffee delivery
2025-08-19,12oz Paper Cups,7.5,0.0,5,New supply order arrived
2025-08-19,Vanilla Syrup,8.0,0.0,6,Restocked flavors
2025-08-20,Whole Milk,12.5,0.5,0,Normal Tuesday usage
2025-08-20,House Blend Coffee,10.2,0.0,0,Steady coffee sales
2025-08-20,12oz Paper Cups,6.8,0.0,0,Regular cup usage
2025-08-20,Vanilla Syrup,7.2,0.0,0,Popular flavor today
2025-08-21,Whole Milk,9.8,0.2,0,Busy Wednesday
2025-08-21,House Blend Coffee,8.5,0.0,0,High coffee demand
2025-08-21,12oz Paper Cups,5.9,0.0,0,Good sales day
2025-08-21,Vanilla Syrup,6.4,0.1,0,One bottle opened
2025-08-22,Whole Milk,6.5,0.3,0,Thursday rush
2025-08-22,House Blend Coffee,6.8,0.0,0,Consistent usage
2025-08-22,12oz Paper Cups,4.7,0.0,0,Running lower
2025-08-22,Vanilla Syrup,5.6,0.0,0,Normal usage
2025-08-23,Whole Milk,3.2,0.2,0,Friday busy - getting low
2025-08-23,House Blend Coffee,4.9,0.1,0,Need to reorder soon  
2025-08-23,12oz Paper Cups,3.1,0.0,0,Below minimum threshold
2025-08-23,Vanilla Syrup,4.8,0.1,0,Still good supply